RA_COD,RA_NOME,CLUSTER,CARGO,PERFIL,PERFIL_DESC,IPE,SCORE_AFINIDADE,SCORE_CONVERSAO,SCORE_MASSA,SCORE_LOGISTICA,SCORE_PDAD,SCORE_REAL
1,Brasília (Plano Piloto),Brasília Central,GOVERNADOR,progressista,Candidatura progressista / campo popular,6.58,10.0,0.0,6.4,0.95,8.72,10.0
2,Gama,RAs Consolidadas,GOVERNADOR,progressista,Candidatura progressista / campo popular,7.49,6.25,6.06,4.13,2.18,4.07,7.0
3,Taguatinga,RAs Consolidadas,GOVERNADOR,progressista,Candidatura progressista / campo popular,9.37,6.14,7.57,7.35,0.37,4.5,6.6
4,Brazlândia,RAs Consolidadas,GOVERNADOR,progressista,Candidatura progressista / campo popular,6.02,4.77,6.23,1.19,3.99,2.8,5.5
5,Sobradinho,RAs Consolidadas,GOVERNADOR,progressista,Candidatura progressista / campo popular,7.47,6.74,6.08,3.48,2.69,4.69,7.38
6,Planaltina,RAs em Movimento,GOVERNADOR,progressista,Candidatura progressista / campo popular,5.29,4.99,2.49,4.45,1.78,1.45,6.54
7,Paranoá,RAs em Movimento,GOVERNADOR,progressista,Candidatura progressista / campo popular,4.58,4.72,2.84,1.91,3.97,1.48,6.13
8,Núcleo Bandeirante,RAs Consolidadas,GOVERNADOR,progressista,Candidatura progressista / campo popular,6.41,6.41,5.21,1.34,5.71,3.92,7.31
9,Ceilândia,RAs Consolidadas,GOVERNADOR,progressista,Candidatura progressista / campo popular,8.06,5.03,3.63,10.0,0.0,1.99,6.32
10,Guará,Brasília Central,GOVERNADOR,progressista,Candidatura progressista / campo popular,7.23,7.78,4.78,3.62,2.57,5.77,8.32
11,Cruzeiro,Brasília Central,GOVERNADOR,progressista,Candidatura progressista / campo popular,7.48,8.39,6.08,1.17,5.56,7.4,8.34
12,Samambaia,RAs Consolidadas,GOVERNADOR,progressista,Candidatura progressista / campo popular,7.69,4.9,6.65,5.28,1.43,3.03,5.56
13,Santa Maria,RAs em Dinamização,GOVERNADOR,progressista,Candidatura progressista / campo popular,8.15,6.09,8.23,2.93,3.11,4.66,6.44
14,São Sebastião,RAs em Movimento,GOVERNADOR,progressista,Candidatura progressista / campo popular,3.99,5.59,1.04,2.05,3.57,0.92,7.72
15,Recanto das Emas,RAs Consolidadas,GOVERNADOR,progressista,Candidatura progressista / campo popular,4.07,3.83,1.89,2.78,3.38,0.8,5.2
16,Lago Sul,Brasília Central,GOVERNADOR,progressista,Candidatura progressista / campo popular,9.77,9.1,10.0,1.37,5.2,10.0,7.98
17,Riacho Fundo,RAs Consolidadas,GOVERNADOR,progressista,Candidatura progressista / campo popular,7.18,5.42,7.57,1.07,6.0,3.76,5.94
18,Lago Norte,Brasília Central,GOVERNADOR,progressista,Candidatura progressista / campo popular,6.12,9.39,2.44,1.0,7.0,8.16,9.4
19,Candangolândia,RAs Consolidadas,GOVERNADOR,progressista,Candidatura progressista / campo popular,7.05,5.69,7.17,0.47,7.61,3.88,6.27
20,Águas Claras,Brasília Central,GOVERNADOR,progressista,Candidatura progressista / campo popular,10.0,8.96,9.27,3.41,3.55,9.52,8.03
21,Riacho Fundo II,RAs Consolidadas,GOVERNADOR,progressista,Candidatura progressista / campo popular,6.12,4.88,5.98,1.04,5.71,2.79,5.67
22,Sudoeste/Octogonal,Brasília Central,GOVERNADOR,progressista,Candidatura progressista / campo popular,6.97,9.56,3.97,1.05,6.85,9.16,9.12
23,Varjão,RAs em Movimento,GOVERNADOR,progressista,Candidatura progressista / campo popular,4.45,4.99,2.19,0.14,10.0,1.31,6.62
24,Park Way,Brasília Central,GOVERNADOR,progressista,Candidatura progressista / campo popular,1.16,3.19,0.0,0.0,0.0,8.7,0.0
25,SCIA/Estrutural,RAs em Movimento,GOVERNADOR,progressista,Candidatura progressista / campo popular,2.61,3.28,0.17,0.65,7.18,0.07,4.78
26,Sobradinho II,RAs Consolidadas,GOVERNADOR,progressista,Candidatura progressista / campo popular,6.55,5.66,6.08,0.94,6.67,3.46,6.45
27,Jardim Botânico,Brasília Central,GOVERNADOR,progressista,Candidatura progressista / campo popular,6.3,9.3,2.83,0.44,8.75,8.12,9.29
28,Itapoã,RAs em Movimento,GOVERNADOR,progressista,Candidatura progressista / campo popular,4.51,4.55,2.93,0.6,7.5,1.45,5.91
29,SIA,Brasília Central,GOVERNADOR,progressista,Candidatura progressista / campo popular,0.73,2.01,0.0,0.0,0.0,5.47,0.0
30,Vicente Pires,RAs Consolidadas,GOVERNADOR,progressista,Candidatura progressista / campo popular,8.63,5.73,9.84,0.49,8.97,4.78,5.84
31,Fercal,RAs em Movimento,GOVERNADOR,progressista,Candidatura progressista / campo popular,0.18,0.48,0.0,0.0,0.0,1.31,0.0
32,Sol Nascente/Pôr do Sol,RAs em Movimento,GOVERNADOR,progressista,Candidatura progressista / campo popular,0.0,0.0,0.0,0.0,0.0,0.0,0.0
33,Arniqueira,RAs Consolidadas,GOVERNADOR,progressista,Candidatura progressista / campo popular,0.52,1.44,0.0,0.0,0.0,3.92,0.0
1,Brasília (Plano Piloto),Brasília Central,GOVERNADOR,moderado,Candidatura de centro / institucional,5.62,4.54,1.68,6.4,0.95,0.89,6.43
2,Gama,RAs Consolidadas,GOVERNADOR,moderado,Candidatura de centro / institucional,4.68,5.63,0.71,4.13,2.18,0.74,8.17
3,Taguatinga,RAs Consolidadas,GOVERNADOR,moderado,Candidatura de centro / institucional,6.18,6.36,0.79,7.35,0.37,1.4,8.92
4,Brazlândia,RAs Consolidadas,GOVERNADOR,moderado,Candidatura de centro / institucional,4.39,7.18,1.06,1.19,3.99,2.97,9.32
5,Sobradinho,RAs Consolidadas,GOVERNADOR,moderado,Candidatura de centro / institucional,5.66,6.31,2.51,3.48,2.69,2.62,8.18
6,Planaltina,RAs em Movimento,GOVERNADOR,moderado,Candidatura de centro / institucional,6.73,7.49,3.11,4.45,1.78,4.84,8.78
7,Paranoá,RAs em Movimento,GOVERNADOR,moderado,Candidatura de centro / institucional,5.71,8.13,2.26,1.91,3.97,5.77,9.25
8,Núcleo Bandeirante,RAs Consolidadas,GOVERNADOR,moderado,Candidatura de centro / institucional,3.91,5.69,0.57,1.34,5.71,0.65,8.32
9,Ceilândia,RAs Consolidadas,GOVERNADOR,moderado,Candidatura de centro / institucional,8.36,7.34,2.06,10.0,0.0,3.99,9.02
10,Guará,Brasília Central,GOVERNADOR,moderado,Candidatura de centro / institucional,5.8,5.67,3.13,3.62,2.57,2.28,7.4
11,Cruzeiro,Brasília Central,GOVERNADOR,moderado,Candidatura de centro / institucional,3.92,5.17,1.17,1.17,5.56,0.86,7.4
12,Samambaia,RAs Consolidadas,GOVERNADOR,moderado,Candidatura de centro / institucional,5.59,7.24,0.51,5.28,1.43,2.59,9.63
13,Santa Maria,RAs em Dinamização,GOVERNADOR,moderado,Candidatura de centro / institucional,5.33,6.73,1.92,2.93,3.11,2.84,8.71
14,São Sebastião,RAs em Movimento,GOVERNADOR,moderado,Candidatura de centro / institucional,10.0,8.7,10.0,2.05,3.57,9.65,8.03
15,Recanto das Emas,RAs Consolidadas,GOVERNADOR,moderado,Candidatura de centro / institucional,4.4,7.01,0.0,2.78,3.38,1.24,10.0
16,Lago Sul,Brasília Central,GOVERNADOR,moderado,Candidatura de centro / institucional,3.34,5.17,0.0,1.37,5.2,0.0,7.87
17,Riacho Fundo,RAs Consolidadas,GOVERNADOR,moderado,Candidatura de centro / institucional,4.33,6.83,0.71,1.07,6.0,1.99,9.32
18,Lago Norte,Brasília Central,GOVERNADOR,moderado,Candidatura de centro / institucional,3.6,4.72,0.61,1.0,7.0,0.39,6.98
19,Candangolândia,RAs Consolidadas,GOVERNADOR,moderado,Candidatura de centro / institucional,4.31,6.4,1.04,0.47,7.61,1.69,8.83
20,Águas Claras,Brasília Central,GOVERNADOR,moderado,Candidatura de centro / institucional,4.21,5.34,0.25,3.41,3.55,0.24,8.0
21,Riacho Fundo II,RAs Consolidadas,GOVERNADOR,moderado,Candidatura de centro / institucional,4.15,7.13,0.27,1.04,5.71,2.04,9.75
22,Sudoeste/Octogonal,Brasília Central,GOVERNADOR,moderado,Candidatura de centro / institucional,4.68,5.25,2.29,1.05,6.85,1.54,7.16
23,Varjão,RAs em Movimento,GOVERNADOR,moderado,Candidatura de centro / institucional,6.27,8.05,3.19,0.14,10.0,6.03,9.0
24,Park Way,Brasília Central,GOVERNADOR,moderado,Candidatura de centro / institucional,0.0,0.0,0.0,0.0,0.0,0.03,0.0
25,SCIA/Estrutural,RAs em Movimento,GOVERNADOR,moderado,Candidatura de centro / institucional,5.63,10.0,0.94,0.65,7.18,10.0,9.82
26,Sobradinho II,RAs Consolidadas,GOVERNADOR,moderado,Candidatura de centro / institucional,4.37,6.48,0.97,0.94,6.67,1.72,8.93
27,Jardim Botânico,Brasília Central,GOVERNADOR,moderado,Candidatura de centro / institucional,3.18,4.44,0.0,0.44,8.75,0.0,6.75
28,Itapoã,RAs em Movimento,GOVERNADOR,moderado,Candidatura de centro / institucional,5.1,7.97,1.33,0.6,7.5,4.89,9.48
29,SIA,Brasília Central,GOVERNADOR,moderado,Candidatura de centro / institucional,0.5,1.34,0.0,0.0,0.0,3.8,0.0
30,Vicente Pires,RAs Consolidadas,GOVERNADOR,moderado,Candidatura de centro / institucional,4.34,6.64,0.52,0.49,8.97,1.45,9.32
31,Fercal,RAs em Movimento,GOVERNADOR,moderado,Candidatura de centro / institucional,1.03,2.75,0.0,0.0,0.0,7.77,0.0
32,Sol Nascente/Pôr do Sol,RAs em Movimento,GOVERNADOR,moderado,Candidatura de centro / institucional,1.13,3.01,0.0,0.0,0.0,8.51,0.0
33,Arniqueira,RAs Consolidadas,GOVERNADOR,moderado,Candidatura de centro / institucional,0.16,0.42,0.0,0.0,0.0,1.2,0.0
1,Brasília (Plano Piloto),Brasília Central,GOVERNADOR,liberal_conservador,Candidatura liberal / conservadora,7.99,8.74,3.88,6.4,0.95,6.96,8.79
2,Gama,RAs Consolidadas,GOVERNADOR,liberal_conservador,Candidatura liberal / conservadora,6.6,6.43,4.37,4.13,2.18,3.55,7.33
3,Taguatinga,RAs Consolidadas,GOVERNADOR,liberal_conservador,Candidatura liberal / conservadora,8.29,6.24,5.63,7.35,0.37,3.9,6.87
4,Brazlândia,RAs Consolidadas,GOVERNADOR,liberal_conservador,Candidatura liberal / conservadora,5.09,5.55,4.01,1.19,3.99,2.56,6.6
5,Sobradinho,RAs Consolidadas,GOVERNADOR,liberal_conservador,Candidatura liberal / conservadora,6.97,6.87,5.21,3.48,2.69,4.46,7.46
6,Planaltina,RAs em Movimento,GOVERNADOR,liberal_conservador,Candidatura liberal / conservadora,5.14,4.59,2.62,4.45,1.78,1.38,5.87
7,Paranoá,RAs em Movimento,GOVERNADOR,liberal_conservador,Candidatura liberal / conservadora,4.39,4.12,3.02,1.91,3.97,1.37,5.2
8,Núcleo Bandeirante,RAs Consolidadas,GOVERNADOR,liberal_conservador,Candidatura liberal / conservadora,5.67,6.76,3.66,1.34,5.71,3.59,7.78
9,Ceilândia,RAs Consolidadas,GOVERNADOR,liberal_conservador,Candidatura liberal / conservadora,7.65,4.36,3.52,10.0,0.0,1.66,5.39
10,Guará,Brasília Central,GOVERNADOR,liberal_conservador,Candidatura liberal / conservadora,6.43,8.04,3.2,3.62,2.57,5.29,8.69
11,Cruzeiro,Brasília Central,GOVERNADOR,liberal_conservador,Candidatura liberal / conservadora,5.96,8.42,3.24,1.17,5.56,6.03,8.83
12,Samambaia,RAs Consolidadas,GOVERNADOR,liberal_conservador,Candidatura liberal / conservadora,7.02,4.73,5.65,5.28,1.43,2.66,5.38
13,Santa Maria,RAs em Dinamização,GOVERNADOR,liberal_conservador,Candidatura liberal / conservadora,5.71,4.62,4.65,2.93,3.11,2.22,5.46
14,São Sebastião,RAs em Movimento,GOVERNADOR,liberal_conservador,Candidatura liberal / conservadora,2.69,3.6,0.0,2.05,3.57,0.0,5.2
15,Recanto das Emas,RAs Consolidadas,GOVERNADOR,liberal_conservador,Candidatura liberal / conservadora,6.15,3.99,6.04,2.78,3.38,2.37,4.47
16,Lago Sul,Brasília Central,GOVERNADOR,liberal_conservador,Candidatura liberal / conservadora,7.35,10.0,4.8,1.37,5.2,10.0,8.96
17,Riacho Fundo,RAs Consolidadas,GOVERNADOR,liberal_conservador,Candidatura liberal / conservadora,5.98,5.94,5.02,1.07,6.0,3.34,6.74
18,Lago Norte,Brasília Central,GOVERNADOR,liberal_conservador,Candidatura liberal / conservadora,7.42,8.73,5.67,1.0,7.0,7.67,8.39
19,Candangolândia,RAs Consolidadas,GOVERNADOR,liberal_conservador,Candidatura liberal / conservadora,5.68,6.75,3.89,0.47,7.61,3.69,7.71
20,Águas Claras,Brasília Central,GOVERNADOR,liberal_conservador,Candidatura liberal / conservadora,10.0,8.32,10.0,3.41,3.55,8.41,7.42
21,Riacho Fundo II,RAs Consolidadas,GOVERNADOR,liberal_conservador,Candidatura liberal / conservadora,5.34,4.15,5.14,1.04,5.71,2.15,4.82
22,Sudoeste/Octogonal,Brasília Central,GOVERNADOR,liberal_conservador,Candidatura liberal / conservadora,6.91,8.42,4.87,1.05,6.85,6.77,8.44
23,Varjão,RAs em Movimento,GOVERNADOR,liberal_conservador,Candidatura liberal / conservadora,3.28,3.1,1.34,0.14,10.0,0.5,4.21
24,Park Way,Brasília Central,GOVERNADOR,liberal_conservador,Candidatura liberal / conservadora,1.18,3.3,0.0,0.0,0.0,8.84,0.0
25,SCIA/Estrutural,RAs em Movimento,GOVERNADOR,liberal_conservador,Candidatura liberal / conservadora,2.93,4.36,0.11,0.65,7.18,0.07,6.24
26,Sobradinho II,RAs Consolidadas,GOVERNADOR,liberal_conservador,Candidatura liberal / conservadora,6.55,5.51,6.37,0.94,6.67,3.5,6.04
27,Jardim Botânico,Brasília Central,GOVERNADOR,liberal_conservador,Candidatura liberal / conservadora,5.03,9.99,0.0,0.44,8.75,8.03,10.0
28,Itapoã,RAs em Movimento,GOVERNADOR,liberal_conservador,Candidatura liberal / conservadora,4.29,3.81,3.15,0.6,7.5,1.32,4.79
29,SIA,Brasília Central,GOVERNADOR,liberal_conservador,Candidatura liberal / conservadora,0.43,1.19,0.0,0.0,0.0,3.24,0.0
30,Vicente Pires,RAs Consolidadas,GOVERNADOR,liberal_conservador,Candidatura liberal / conservadora,6.1,7.66,3.68,0.49,8.97,4.89,8.36
31,Fercal,RAs em Movimento,GOVERNADOR,liberal_conservador,Candidatura liberal / conservadora,0.1,0.29,0.0,0.0,0.0,0.86,0.0
32,Sol Nascente/Pôr do Sol,RAs em Movimento,GOVERNADOR,liberal_conservador,Candidatura liberal / conservadora,0.0,0.0,0.0,0.0,0.0,0.09,0.0
33,Arniqueira,RAs Consolidadas,GOVERNADOR,liberal_conservador,Candidatura liberal / conservadora,0.59,1.65,0.0,0.0,0.0,4.48,0.0
1,Brasília (Plano Piloto),Brasília Central,SENADOR,progressista,Candidatura progressista / campo popular,6.36,10.0,0.19,6.4,0.95,8.72,9.95
2,Gama,RAs Consolidadas,SENADOR,progressista,Candidatura progressista / campo popular,7.75,5.96,6.43,4.13,2.18,4.07,6.54
3,Taguatinga,RAs Consolidadas,SENADOR,progressista,Candidatura progressista / campo popular,9.59,6.19,6.88,7.35,0.37,4.5,6.64
4,Brazlândia,RAs Consolidadas,SENADOR,progressista,Candidatura progressista / campo popular,5.76,4.63,6.03,1.19,3.99,2.8,5.28
5,Sobradinho,RAs Consolidadas,SENADOR,progressista,Candidatura progressista / campo popular,7.03,6.87,5.26,3.48,2.69,4.69,7.54
6,Planaltina,RAs em Movimento,SENADOR,progressista,Candidatura progressista / campo popular,5.22,4.88,2.41,4.45,1.78,1.45,6.36
7,Paranoá,RAs em Movimento,SENADOR,progressista,Candidatura progressista / campo popular,4.17,4.72,2.62,1.91,3.97,1.48,6.11
8,Núcleo Bandeirante,RAs Consolidadas,SENADOR,progressista,Candidatura progressista / campo popular,5.87,6.35,5.01,1.34,5.71,3.92,7.19
9,Ceilândia,RAs Consolidadas,SENADOR,progressista,Candidatura progressista / campo popular,8.65,4.78,3.7,10.0,0.0,1.99,5.93
10,Guará,Brasília Central,SENADOR,progressista,Candidatura progressista / campo popular,6.84,7.82,4.33,3.62,2.57,5.77,8.35
11,Cruzeiro,Brasília Central,SENADOR,progressista,Candidatura progressista / campo popular,6.52,8.49,5.22,1.17,5.56,7.4,8.45
12,Samambaia,RAs Consolidadas,SENADOR,progressista,Candidatura progressista / campo popular,8.05,4.63,6.7,5.28,1.43,3.03,5.15
13,Santa Maria,RAs em Dinamização,SENADOR,progressista,Candidatura progressista / campo popular,9.1,5.33,10.0,2.93,3.11,4.66,5.3
14,São Sebastião,RAs em Movimento,SENADOR,progressista,Candidatura progressista / campo popular,3.51,5.52,1.01,2.05,3.57,0.92,7.59
15,Recanto das Emas,RAs Consolidadas,SENADOR,progressista,Candidatura progressista / campo popular,3.8,3.89,1.72,2.78,3.38,0.8,5.27
16,Lago Sul,Brasília Central,SENADOR,progressista,Candidatura progressista / campo popular,8.05,9.42,7.25,1.37,5.2,10.0,8.41
17,Riacho Fundo,RAs Consolidadas,SENADOR,progressista,Candidatura progressista / campo popular,6.72,5.36,7.17,1.07,6.0,3.76,5.82
18,Lago Norte,Brasília Central,SENADOR,progressista,Candidatura progressista / campo popular,3.88,9.83,0.0,1.0,7.0,8.16,10.0
19,Candangolândia,RAs Consolidadas,SENADOR,progressista,Candidatura progressista / campo popular,6.48,5.57,6.98,0.47,7.61,3.88,6.06
20,Águas Claras,Brasília Central,SENADOR,progressista,Candidatura progressista / campo popular,10.0,8.86,9.3,3.41,3.55,9.52,7.86
21,Riacho Fundo II,RAs Consolidadas,SENADOR,progressista,Candidatura progressista / campo popular,5.58,4.9,5.49,1.04,5.71,2.79,5.68
22,Sudoeste/Octogonal,Brasília Central,SENADOR,progressista,Candidatura progressista / campo popular,5.47,9.75,2.73,1.05,6.85,9.16,9.35
23,Varjão,RAs em Movimento,SENADOR,progressista,Candidatura progressista / campo popular,3.47,4.81,2.18,0.14,10.0,1.31,6.34
24,Park Way,Brasília Central,SENADOR,progressista,Candidatura progressista / campo popular,0.93,3.2,0.0,0.0,0.0,8.7,0.0
25,SCIA/Estrutural,RAs em Movimento,SENADOR,progressista,Candidatura progressista / campo popular,1.71,2.55,0.19,0.65,7.18,0.07,3.7
26,Sobradinho II,RAs Consolidadas,SENADOR,progressista,Candidatura progressista / campo popular,5.81,5.75,5.43,0.94,6.67,3.46,6.56
27,Jardim Botânico,Brasília Central,SENADOR,progressista,Candidatura progressista / campo popular,4.02,9.71,0.57,0.44,8.75,8.12,9.85
28,Itapoã,RAs em Movimento,SENADOR,progressista,Candidatura progressista / campo popular,3.73,4.67,2.6,0.6,7.5,1.45,6.06
29,SIA,Brasília Central,SENADOR,progressista,Candidatura progressista / campo popular,0.59,2.01,0.0,0.0,0.0,5.47,0.0
30,Vicente Pires,RAs Consolidadas,SENADOR,progressista,Candidatura progressista / campo popular,7.8,5.79,8.94,0.49,8.97,4.78,5.9
31,Fercal,RAs em Movimento,SENADOR,progressista,Candidatura progressista / campo popular,0.14,0.48,0.0,0.0,0.0,1.31,0.0
32,Sol Nascente/Pôr do Sol,RAs em Movimento,SENADOR,progressista,Candidatura progressista / campo popular,0.0,0.0,0.0,0.0,0.0,0.0,0.0
33,Arniqueira,RAs Consolidadas,SENADOR,progressista,Candidatura progressista / campo popular,0.42,1.44,0.0,0.0,0.0,3.92,0.0
1,Brasília (Plano Piloto),Brasília Central,SENADOR,moderado,Candidatura de centro / institucional,6.36,7.89,0.27,6.4,0.95,0.89,8.06
2,Gama,RAs Consolidadas,SENADOR,moderado,Candidatura de centro / institucional,4.51,5.25,0.54,4.13,2.18,0.74,5.3
3,Taguatinga,RAs Consolidadas,SENADOR,moderado,Candidatura de centro / institucional,6.79,6.78,0.75,7.35,0.37,1.4,6.59
4,Brazlândia,RAs Consolidadas,SENADOR,moderado,Candidatura de centro / institucional,4.43,4.96,2.91,1.19,3.99,2.97,3.78
5,Sobradinho,RAs Consolidadas,SENADOR,moderado,Candidatura de centro / institucional,5.4,6.66,1.73,3.48,2.69,2.62,5.81
6,Planaltina,RAs em Movimento,SENADOR,moderado,Candidatura de centro / institucional,7.57,5.81,4.81,4.45,1.78,4.84,3.69
7,Paranoá,RAs em Movimento,SENADOR,moderado,Candidatura de centro / institucional,6.78,7.16,4.85,1.91,3.97,5.77,4.65
8,Núcleo Bandeirante,RAs Consolidadas,SENADOR,moderado,Candidatura de centro / institucional,3.55,6.7,0.31,1.34,5.71,0.65,6.91
9,Ceilândia,RAs Consolidadas,SENADOR,moderado,Candidatura de centro / institucional,9.63,7.3,2.66,10.0,0.0,3.99,5.76
10,Guará,Brasília Central,SENADOR,moderado,Candidatura de centro / institucional,5.4,8.24,0.83,3.62,2.57,2.28,7.7
11,Cruzeiro,Brasília Central,SENADOR,moderado,Candidatura de centro / institucional,3.68,7.4,0.33,1.17,5.56,0.86,7.56
12,Samambaia,RAs Consolidadas,SENADOR,moderado,Candidatura de centro / institucional,6.28,6.35,1.84,5.28,1.43,2.59,5.48
13,Santa Maria,RAs em Dinamização,SENADOR,moderado,Candidatura de centro / institucional,5.24,6.13,2.18,2.93,3.11,2.84,5.12
14,São Sebastião,RAs em Movimento,SENADOR,moderado,Candidatura de centro / institucional,9.66,8.93,8.39,2.05,3.57,9.65,4.47
15,Recanto das Emas,RAs Consolidadas,SENADOR,moderado,Candidatura de centro / institucional,4.2,5.64,0.89,2.78,3.38,1.24,5.44
16,Lago Sul,Brasília Central,SENADOR,moderado,Candidatura de centro / institucional,3.71,7.91,0.0,1.37,5.2,0.0,8.57
17,Riacho Fundo,RAs Consolidadas,SENADOR,moderado,Candidatura de centro / institucional,3.96,6.48,1.27,1.07,6.0,1.99,5.94
18,Lago Norte,Brasília Central,SENADOR,moderado,Candidatura de centro / institucional,3.49,7.13,0.15,1.0,7.0,0.39,7.51
19,Candangolândia,RAs Consolidadas,SENADOR,moderado,Candidatura de centro / institucional,3.77,7.65,0.7,0.47,7.61,1.69,7.37
20,Águas Claras,Brasília Central,SENADOR,moderado,Candidatura de centro / institucional,4.61,7.39,0.08,3.41,3.55,0.24,7.88
21,Riacho Fundo II,RAs Consolidadas,SENADOR,moderado,Candidatura de centro / institucional,3.86,5.65,1.59,1.04,5.71,2.04,5.02
22,Sudoeste/Octogonal,Brasília Central,SENADOR,moderado,Candidatura de centro / institucional,4.33,10.0,0.0,1.05,6.85,1.54,10.0
23,Varjão,RAs em Movimento,SENADOR,moderado,Candidatura de centro / institucional,7.01,5.63,6.77,0.14,10.0,6.03,2.86
24,Park Way,Brasília Central,SENADOR,moderado,Candidatura de centro / institucional,0.0,0.0,0.0,0.0,0.0,0.03,0.0
25,SCIA/Estrutural,RAs em Movimento,SENADOR,moderado,Candidatura de centro / institucional,10.0,8.33,10.0,0.65,7.18,10.0,3.64
26,Sobradinho II,RAs Consolidadas,SENADOR,moderado,Candidatura de centro / institucional,3.65,5.28,1.41,0.94,6.67,1.72,4.79
27,Jardim Botânico,Brasília Central,SENADOR,moderado,Candidatura de centro / institucional,3.26,7.23,0.0,0.44,8.75,0.0,7.83
28,Itapoã,RAs em Movimento,SENADOR,moderado,Candidatura de centro / institucional,5.82,6.26,4.5,0.6,7.5,4.89,4.15
29,SIA,Brasília Central,SENADOR,moderado,Candidatura de centro / institucional,0.6,1.88,0.0,0.0,0.0,3.8,0.0
30,Vicente Pires,RAs Consolidadas,SENADOR,moderado,Candidatura de centro / institucional,3.82,7.74,0.55,0.49,8.97,1.45,7.6
31,Fercal,RAs em Movimento,SENADOR,moderado,Candidatura de centro / institucional,1.23,3.86,0.0,0.0,0.0,7.77,0.0
32,Sol Nascente/Pôr do Sol,RAs em Movimento,SENADOR,moderado,Candidatura de centro / institucional,1.35,4.23,0.0,0.0,0.0,8.51,0.0
33,Arniqueira,RAs Consolidadas,SENADOR,moderado,Candidatura de centro / institucional,0.19,0.58,0.0,0.0,0.0,1.2,0.0
1,Brasília (Plano Piloto),Brasília Central,SENADOR,liberal_conservador,Candidatura liberal / conservadora,10.0,8.24,9.09,6.4,0.95,6.96,7.52
2,Gama,RAs Consolidadas,SENADOR,liberal_conservador,Candidatura liberal / conservadora,5.54,7.62,2.79,4.13,2.18,3.55,8.51
3,Taguatinga,RAs Consolidadas,SENADOR,liberal_conservador,Candidatura liberal / conservadora,6.92,7.9,2.67,7.35,0.37,3.9,8.7
4,Brazlândia,RAs Consolidadas,SENADOR,liberal_conservador,Candidatura liberal / conservadora,3.44,7.71,1.11,1.19,3.99,2.56,9.18
5,Sobradinho,RAs Consolidadas,SENADOR,liberal_conservador,Candidatura liberal / conservadora,6.01,7.79,4.1,3.48,2.69,4.46,8.26
6,Planaltina,RAs em Movimento,SENADOR,liberal_conservador,Candidatura liberal / conservadora,4.51,6.85,1.0,4.45,1.78,1.38,8.63
7,Paranoá,RAs em Movimento,SENADOR,liberal_conservador,Candidatura liberal / conservadora,3.47,6.86,0.97,1.91,3.97,1.37,8.65
8,Núcleo Bandeirante,RAs Consolidadas,SENADOR,liberal_conservador,Candidatura liberal / conservadora,4.48,7.65,2.76,1.34,5.71,3.59,8.54
9,Ceilândia,RAs Consolidadas,SENADOR,liberal_conservador,Candidatura liberal / conservadora,7.09,6.96,1.2,10.0,0.0,1.66,8.63
10,Guará,Brasília Central,SENADOR,liberal_conservador,Candidatura liberal / conservadora,6.95,7.89,5.72,3.62,2.57,5.29,7.95
11,Cruzeiro,Brasília Central,SENADOR,liberal_conservador,Candidatura liberal / conservadora,6.45,8.22,6.37,1.17,5.56,6.03,7.99
12,Samambaia,RAs Consolidadas,SENADOR,liberal_conservador,Candidatura liberal / conservadora,5.24,7.68,1.28,5.28,1.43,2.66,9.08
13,Santa Maria,RAs em Dinamização,SENADOR,liberal_conservador,Candidatura liberal / conservadora,4.22,7.33,1.37,2.93,3.11,2.22,8.83
14,São Sebastião,RAs em Movimento,SENADOR,liberal_conservador,Candidatura liberal / conservadora,2.7,5.72,0.0,2.05,3.57,0.0,7.84
15,Recanto das Emas,RAs Consolidadas,SENADOR,liberal_conservador,Candidatura liberal / conservadora,4.2,7.44,1.37,2.78,3.38,2.37,8.91
16,Lago Sul,Brasília Central,SENADOR,liberal_conservador,Candidatura liberal / conservadora,8.4,10.0,9.05,1.37,5.2,10.0,8.28
17,Riacho Fundo,RAs Consolidadas,SENADOR,liberal_conservador,Candidatura liberal / conservadora,3.87,7.94,1.66,1.07,6.0,3.34,9.06
18,Lago Norte,Brasília Central,SENADOR,liberal_conservador,Candidatura liberal / conservadora,8.4,8.54,9.89,1.0,7.0,7.67,7.55
19,Candangolândia,RAs Consolidadas,SENADOR,liberal_conservador,Candidatura liberal / conservadora,3.96,7.95,2.16,0.47,7.61,3.69,8.89
20,Águas Claras,Brasília Central,SENADOR,liberal_conservador,Candidatura liberal / conservadora,8.27,9.38,7.52,3.41,3.55,8.41,8.3
21,Riacho Fundo II,RAs Consolidadas,SENADOR,liberal_conservador,Candidatura liberal / conservadora,3.46,7.35,1.25,1.04,5.71,2.15,8.9
22,Sudoeste/Octogonal,Brasília Central,SENADOR,liberal_conservador,Candidatura liberal / conservadora,7.43,8.31,8.15,1.05,6.85,6.77,7.72
23,Varjão,RAs em Movimento,SENADOR,liberal_conservador,Candidatura liberal / conservadora,2.63,6.52,0.36,0.14,10.0,0.5,8.65
24,Park Way,Brasília Central,SENADOR,liberal_conservador,Candidatura liberal / conservadora,0.91,3.46,0.0,0.0,0.0,8.84,0.0
25,SCIA/Estrutural,RAs em Movimento,SENADOR,liberal_conservador,Candidatura liberal / conservadora,2.71,7.33,0.0,0.65,7.18,0.07,10.0
26,Sobradinho II,RAs Consolidadas,SENADOR,liberal_conservador,Candidatura liberal / conservadora,4.34,7.59,2.76,0.94,6.67,3.5,8.5
27,Jardim Botânico,Brasília Central,SENADOR,liberal_conservador,Candidatura liberal / conservadora,8.37,8.74,10.0,0.44,8.75,8.03,7.64
28,Itapoã,RAs em Movimento,SENADOR,liberal_conservador,Candidatura liberal / conservadora,3.05,6.95,0.83,0.6,7.5,1.32,8.8
29,SIA,Brasília Central,SENADOR,liberal_conservador,Candidatura liberal / conservadora,0.33,1.25,0.0,0.0,0.0,3.24,0.0
30,Vicente Pires,RAs Consolidadas,SENADOR,liberal_conservador,Candidatura liberal / conservadora,4.07,8.73,1.79,0.49,8.97,4.89,9.31
31,Fercal,RAs em Movimento,SENADOR,liberal_conservador,Candidatura liberal / conservadora,0.08,0.3,0.0,0.0,0.0,0.86,0.0
32,Sol Nascente/Pôr do Sol,RAs em Movimento,SENADOR,liberal_conservador,Candidatura liberal / conservadora,0.0,0.0,0.0,0.0,0.0,0.09,0.0
33,Arniqueira,RAs Consolidadas,SENADOR,liberal_conservador,Candidatura liberal / conservadora,0.46,1.74,0.0,0.0,0.0,4.48,0.0
1,Brasília (Plano Piloto),Brasília Central,DEPUTADO_FEDERAL,progressista,Candidatura progressista / campo popular,8.51,10.0,0.0,6.4,0.95,8.72,10.0
2,Gama,RAs Consolidadas,DEPUTADO_FEDERAL,progressista,Candidatura progressista / campo popular,8.12,5.73,6.84,4.13,2.18,4.07,6.23
3,Taguatinga,RAs Consolidadas,DEPUTADO_FEDERAL,progressista,Candidatura progressista / campo popular,9.57,6.49,5.79,7.35,0.37,4.5,7.11
4,Brazlândia,RAs Consolidadas,DEPUTADO_FEDERAL,progressista,Candidatura progressista / campo popular,5.91,4.41,6.28,1.19,3.99,2.8,4.97
5,Sobradinho,RAs Consolidadas,DEPUTADO_FEDERAL,progressista,Candidatura progressista / campo popular,8.03,6.4,6.52,3.48,2.69,4.69,6.88
6,Planaltina,RAs em Movimento,DEPUTADO_FEDERAL,progressista,Candidatura progressista / campo popular,5.97,4.22,2.97,4.45,1.78,1.45,5.42
7,Paranoá,RAs em Movimento,DEPUTADO_FEDERAL,progressista,Candidatura progressista / campo popular,4.93,4.22,3.03,1.91,3.97,1.48,5.41
8,Núcleo Bandeirante,RAs Consolidadas,DEPUTADO_FEDERAL,progressista,Candidatura progressista / campo popular,6.61,6.38,4.77,1.34,5.71,3.92,7.27
9,Ceilândia,RAs Consolidadas,DEPUTADO_FEDERAL,progressista,Candidatura progressista / campo popular,9.29,5.06,3.23,10.0,0.0,1.99,6.36
10,Guará,Brasília Central,DEPUTADO_FEDERAL,progressista,Candidatura progressista / campo popular,8.12,7.54,5.22,3.62,2.57,5.77,7.97
11,Cruzeiro,Brasília Central,DEPUTADO_FEDERAL,progressista,Candidatura progressista / campo popular,7.86,8.3,5.88,1.17,5.56,7.4,8.22
12,Samambaia,RAs Consolidadas,DEPUTADO_FEDERAL,progressista,Candidatura progressista / campo popular,7.97,4.7,6.38,5.28,1.43,3.03,5.27
13,Santa Maria,RAs em Dinamização,DEPUTADO_FEDERAL,progressista,Candidatura progressista / campo popular,8.62,5.24,10.0,2.93,3.11,4.66,5.19
14,São Sebastião,RAs em Movimento,DEPUTADO_FEDERAL,progressista,Candidatura progressista / campo popular,4.46,4.29,1.72,2.05,3.57,0.92,5.81
15,Recanto das Emas,RAs Consolidadas,DEPUTADO_FEDERAL,progressista,Candidatura progressista / campo popular,4.48,3.37,1.95,2.78,3.38,0.8,4.52
16,Lago Sul,Brasília Central,DEPUTADO_FEDERAL,progressista,Candidatura progressista / campo popular,9.36,9.18,8.46,1.37,5.2,10.0,8.1
17,Riacho Fundo,RAs Consolidadas,DEPUTADO_FEDERAL,progressista,Candidatura progressista / campo popular,6.93,5.3,7.11,1.07,6.0,3.76,5.77
18,Lago Norte,Brasília Central,DEPUTADO_FEDERAL,progressista,Candidatura progressista / campo popular,7.05,9.38,2.24,1.0,7.0,8.16,9.38
19,Candangolândia,RAs Consolidadas,DEPUTADO_FEDERAL,progressista,Candidatura progressista / campo popular,6.97,5.33,7.37,0.47,7.61,3.88,5.74
20,Águas Claras,Brasília Central,DEPUTADO_FEDERAL,progressista,Candidatura progressista / campo popular,10.0,9.0,8.09,3.41,3.55,9.52,8.09
21,Riacho Fundo II,RAs Consolidadas,DEPUTADO_FEDERAL,progressista,Candidatura progressista / campo popular,6.05,4.57,5.95,1.04,5.71,2.79,5.22
22,Sudoeste/Octogonal,Brasília Central,DEPUTADO_FEDERAL,progressista,Candidatura progressista / campo popular,7.7,9.55,3.65,1.05,6.85,9.16,9.11
23,Varjão,RAs em Movimento,DEPUTADO_FEDERAL,progressista,Candidatura progressista / campo popular,4.72,4.12,2.72,0.14,10.0,1.31,5.35
24,Park Way,Brasília Central,DEPUTADO_FEDERAL,progressista,Candidatura progressista / campo popular,1.52,3.19,0.0,0.0,0.0,8.7,0.0
25,SCIA/Estrutural,RAs em Movimento,DEPUTADO_FEDERAL,progressista,Candidatura progressista / campo popular,2.65,2.21,0.2,0.65,7.18,0.07,3.22
26,Sobradinho II,RAs Consolidadas,DEPUTADO_FEDERAL,progressista,Candidatura progressista / campo popular,6.75,5.02,6.93,0.94,6.67,3.46,5.51
27,Jardim Botânico,Brasília Central,DEPUTADO_FEDERAL,progressista,Candidatura progressista / campo popular,7.05,9.33,2.37,0.44,8.75,8.12,9.35
28,Itapoã,RAs em Movimento,DEPUTADO_FEDERAL,progressista,Candidatura progressista / campo popular,4.75,4.38,2.8,0.6,7.5,1.45,5.66
29,SIA,Brasília Central,DEPUTADO_FEDERAL,progressista,Candidatura progressista / campo popular,0.96,2.01,0.0,0.0,0.0,5.47,0.0
30,Vicente Pires,RAs Consolidadas,DEPUTADO_FEDERAL,progressista,Candidatura progressista / campo popular,7.55,6.28,7.14,0.49,8.97,4.78,6.65
31,Fercal,RAs em Movimento,DEPUTADO_FEDERAL,progressista,Candidatura progressista / campo popular,0.23,0.48,0.0,0.0,0.0,1.31,0.0
32,Sol Nascente/Pôr do Sol,RAs em Movimento,DEPUTADO_FEDERAL,progressista,Candidatura progressista / campo popular,0.0,0.0,0.0,0.0,0.0,0.0,0.0
33,Arniqueira,RAs Consolidadas,DEPUTADO_FEDERAL,progressista,Candidatura progressista / campo popular,0.69,1.44,0.0,0.0,0.0,3.92,0.0
1,Brasília (Plano Piloto),Brasília Central,DEPUTADO_FEDERAL,moderado,Candidatura de centro / institucional,5.49,2.46,2.46,6.4,0.95,0.89,3.16
2,Gama,RAs Consolidadas,DEPUTADO_FEDERAL,moderado,Candidatura de centro / institucional,4.91,4.54,1.1,4.13,2.18,0.74,6.31
3,Taguatinga,RAs Consolidadas,DEPUTADO_FEDERAL,moderado,Candidatura de centro / institucional,6.66,3.89,2.82,7.35,0.37,1.4,4.99
4,Brazlândia,RAs Consolidadas,DEPUTADO_FEDERAL,moderado,Candidatura de centro / institucional,4.72,7.85,0.0,1.19,3.99,2.97,10.0
5,Sobradinho,RAs Consolidadas,DEPUTADO_FEDERAL,moderado,Candidatura de centro / institucional,5.9,5.92,2.82,3.48,2.69,2.62,7.33
6,Planaltina,RAs em Movimento,DEPUTADO_FEDERAL,moderado,Candidatura de centro / institucional,6.83,7.83,2.04,4.45,1.78,4.84,8.95
7,Paranoá,RAs em Movimento,DEPUTADO_FEDERAL,moderado,Candidatura de centro / institucional,6.68,7.51,4.68,1.91,3.97,5.77,7.98
8,Núcleo Bandeirante,RAs Consolidadas,DEPUTADO_FEDERAL,moderado,Candidatura de centro / institucional,4.12,5.19,0.7,1.34,5.71,0.65,7.32
9,Ceilândia,RAs Consolidadas,DEPUTADO_FEDERAL,moderado,Candidatura de centro / institucional,10.0,5.65,6.11,10.0,0.0,3.99,6.2
10,Guará,Brasília Central,DEPUTADO_FEDERAL,moderado,Candidatura de centro / institucional,5.82,4.84,3.74,3.62,2.57,2.28,5.93
11,Cruzeiro,Brasília Central,DEPUTADO_FEDERAL,moderado,Candidatura de centro / institucional,3.64,3.37,1.89,1.17,5.56,0.86,4.53
12,Samambaia,RAs Consolidadas,DEPUTADO_FEDERAL,moderado,Candidatura de centro / institucional,6.8,4.59,4.8,5.28,1.43,2.59,5.4
13,Santa Maria,RAs em Dinamização,DEPUTADO_FEDERAL,moderado,Candidatura de centro / institucional,5.92,5.32,4.19,2.93,3.11,2.84,6.34
14,São Sebastião,RAs em Movimento,DEPUTADO_FEDERAL,moderado,Candidatura de centro / institucional,9.14,8.55,10.0,2.05,3.57,9.65,7.43
15,Recanto das Emas,RAs Consolidadas,DEPUTADO_FEDERAL,moderado,Candidatura de centro / institucional,4.57,3.7,2.61,2.78,3.38,1.24,4.8
16,Lago Sul,Brasília Central,DEPUTADO_FEDERAL,moderado,Candidatura de centro / institucional,2.69,2.69,0.0,1.37,5.2,0.0,3.99
17,Riacho Fundo,RAs Consolidadas,DEPUTADO_FEDERAL,moderado,Candidatura de centro / institucional,4.79,5.59,2.26,1.07,6.0,1.99,7.18
18,Lago Norte,Brasília Central,DEPUTADO_FEDERAL,moderado,Candidatura de centro / institucional,3.13,2.71,0.96,1.0,7.0,0.39,3.8
19,Candangolândia,RAs Consolidadas,DEPUTADO_FEDERAL,moderado,Candidatura de centro / institucional,4.58,6.09,1.3,0.47,7.61,1.69,8.09
20,Águas Claras,Brasília Central,DEPUTADO_FEDERAL,moderado,Candidatura de centro / institucional,4.0,3.4,0.49,3.41,3.55,0.24,4.9
21,Riacho Fundo II,RAs Consolidadas,DEPUTADO_FEDERAL,moderado,Candidatura de centro / institucional,4.75,5.02,3.01,1.04,5.71,2.04,6.33
22,Sudoeste/Octogonal,Brasília Central,DEPUTADO_FEDERAL,moderado,Candidatura de centro / institucional,4.38,3.05,3.91,1.05,6.85,1.54,3.69
23,Varjão,RAs em Movimento,DEPUTADO_FEDERAL,moderado,Candidatura de centro / institucional,7.16,7.17,6.45,0.14,10.0,6.03,7.34
24,Park Way,Brasília Central,DEPUTADO_FEDERAL,moderado,Candidatura de centro / institucional,0.0,0.0,0.0,0.0,0.0,0.03,0.0
25,SCIA/Estrutural,RAs em Movimento,DEPUTADO_FEDERAL,moderado,Candidatura de centro / institucional,6.8,10.0,2.49,0.65,7.18,10.0,9.38
26,Sobradinho II,RAs Consolidadas,DEPUTADO_FEDERAL,moderado,Candidatura de centro / institucional,4.75,6.89,0.52,0.94,6.67,1.72,9.26
27,Jardim Botânico,Brasília Central,DEPUTADO_FEDERAL,moderado,Candidatura de centro / institucional,2.65,2.51,0.0,0.44,8.75,0.0,3.71
28,Itapoã,RAs em Movimento,DEPUTADO_FEDERAL,moderado,Candidatura de centro / institucional,6.49,6.59,5.7,0.6,7.5,4.89,7.11
29,SIA,Brasília Central,DEPUTADO_FEDERAL,moderado,Candidatura de centro / institucional,0.61,1.38,0.0,0.0,0.0,3.8,0.0
30,Vicente Pires,RAs Consolidadas,DEPUTADO_FEDERAL,moderado,Candidatura de centro / institucional,4.44,4.09,2.77,0.49,8.97,1.45,5.27
31,Fercal,RAs em Movimento,DEPUTADO_FEDERAL,moderado,Candidatura de centro / institucional,1.26,2.83,0.0,0.0,0.0,7.77,0.0
32,Sol Nascente/Pôr do Sol,RAs em Movimento,DEPUTADO_FEDERAL,moderado,Candidatura de centro / institucional,1.38,3.1,0.0,0.0,0.0,8.51,0.0
33,Arniqueira,RAs Consolidadas,DEPUTADO_FEDERAL,moderado,Candidatura de centro / institucional,0.19,0.43,0.0,0.0,0.0,1.2,0.0
1,Brasília (Plano Piloto),Brasília Central,DEPUTADO_FEDERAL,liberal_conservador,Candidatura liberal / conservadora,10.0,7.92,9.77,6.4,0.95,6.96,7.17
2,Gama,RAs Consolidadas,DEPUTADO_FEDERAL,liberal_conservador,Candidatura liberal / conservadora,6.64,7.03,3.9,4.13,2.18,3.55,7.79
3,Taguatinga,RAs Consolidadas,DEPUTADO_FEDERAL,liberal_conservador,Candidatura liberal / conservadora,8.01,7.43,3.57,7.35,0.37,3.9,8.16
4,Brazlândia,RAs Consolidadas,DEPUTADO_FEDERAL,liberal_conservador,Candidatura liberal / conservadora,4.92,6.54,2.98,1.19,3.99,2.56,7.66
5,Sobradinho,RAs Consolidadas,DEPUTADO_FEDERAL,liberal_conservador,Candidatura liberal / conservadora,7.07,7.1,5.76,3.48,2.69,4.46,7.4
6,Planaltina,RAs em Movimento,DEPUTADO_FEDERAL,liberal_conservador,Candidatura liberal / conservadora,5.53,6.06,1.62,4.45,1.78,1.38,7.63
7,Paranoá,RAs em Movimento,DEPUTADO_FEDERAL,liberal_conservador,Candidatura liberal / conservadora,4.62,6.33,1.35,1.91,3.97,1.37,8.01
8,Núcleo Bandeirante,RAs Consolidadas,DEPUTADO_FEDERAL,liberal_conservador,Candidatura liberal / conservadora,5.96,6.63,4.96,1.34,5.71,3.59,7.22
9,Ceilândia,RAs Consolidadas,DEPUTADO_FEDERAL,liberal_conservador,Candidatura liberal / conservadora,8.17,6.36,1.74,10.0,0.0,1.66,7.89
10,Guará,Brasília Central,DEPUTADO_FEDERAL,liberal_conservador,Candidatura liberal / conservadora,7.75,7.28,7.33,3.62,2.57,5.29,7.2
11,Cruzeiro,Brasília Central,DEPUTADO_FEDERAL,liberal_conservador,Candidatura liberal / conservadora,7.23,7.79,7.47,1.17,5.56,6.03,7.5
12,Samambaia,RAs Consolidadas,DEPUTADO_FEDERAL,liberal_conservador,Candidatura liberal / conservadora,6.4,7.61,1.22,5.28,1.43,2.66,9.07
13,Santa Maria,RAs em Dinamização,DEPUTADO_FEDERAL,liberal_conservador,Candidatura liberal / conservadora,5.39,7.08,1.58,2.93,3.11,2.22,8.57
14,São Sebastião,RAs em Movimento,DEPUTADO_FEDERAL,liberal_conservador,Candidatura liberal / conservadora,3.85,5.58,0.0,2.05,3.57,0.0,7.71
15,Recanto das Emas,RAs Consolidadas,DEPUTADO_FEDERAL,liberal_conservador,Candidatura liberal / conservadora,5.26,8.18,0.0,2.78,3.38,2.37,10.0
16,Lago Sul,Brasília Central,DEPUTADO_FEDERAL,liberal_conservador,Candidatura liberal / conservadora,8.37,10.0,7.94,1.37,5.2,10.0,8.4
17,Riacho Fundo,RAs Consolidadas,DEPUTADO_FEDERAL,liberal_conservador,Candidatura liberal / conservadora,5.49,7.13,3.25,1.07,6.0,3.34,8.04
18,Lago Norte,Brasília Central,DEPUTADO_FEDERAL,liberal_conservador,Candidatura liberal / conservadora,8.37,8.4,9.66,1.0,7.0,7.67,7.46
19,Candangolândia,RAs Consolidadas,DEPUTADO_FEDERAL,liberal_conservador,Candidatura liberal / conservadora,5.64,7.17,3.83,0.47,7.61,3.69,7.91
20,Águas Claras,Brasília Central,DEPUTADO_FEDERAL,liberal_conservador,Candidatura liberal / conservadora,9.34,8.8,9.96,3.41,3.55,8.41,7.61
21,Riacho Fundo II,RAs Consolidadas,DEPUTADO_FEDERAL,liberal_conservador,Candidatura liberal / conservadora,4.78,7.18,1.33,1.04,5.71,2.15,8.75
22,Sudoeste/Octogonal,Brasília Central,DEPUTADO_FEDERAL,liberal_conservador,Candidatura liberal / conservadora,7.7,8.15,8.05,1.05,6.85,6.77,7.6
23,Varjão,RAs em Movimento,DEPUTADO_FEDERAL,liberal_conservador,Candidatura liberal / conservadora,4.3,6.49,0.33,0.14,10.0,0.5,8.7
24,Park Way,Brasília Central,DEPUTADO_FEDERAL,liberal_conservador,Candidatura liberal / conservadora,1.44,3.43,0.0,0.0,0.0,8.84,0.0
25,SCIA/Estrutural,RAs em Movimento,DEPUTADO_FEDERAL,liberal_conservador,Candidatura liberal / conservadora,4.15,6.73,0.02,0.65,7.18,0.07,9.26
26,Sobradinho II,RAs Consolidadas,DEPUTADO_FEDERAL,liberal_conservador,Candidatura liberal / conservadora,5.75,6.81,4.31,0.94,6.67,3.5,7.52
27,Jardim Botânico,Brasília Central,DEPUTADO_FEDERAL,liberal_conservador,Candidatura liberal / conservadora,8.52,8.56,10.0,0.44,8.75,8.03,7.49
28,Itapoã,RAs em Movimento,DEPUTADO_FEDERAL,liberal_conservador,Candidatura liberal / conservadora,4.47,6.54,1.09,0.6,7.5,1.32,8.33
29,SIA,Brasília Central,DEPUTADO_FEDERAL,liberal_conservador,Candidatura liberal / conservadora,0.52,1.24,0.0,0.0,0.0,3.24,0.0
30,Vicente Pires,RAs Consolidadas,DEPUTADO_FEDERAL,liberal_conservador,Candidatura liberal / conservadora,6.07,8.18,3.28,0.49,8.97,4.89,8.65
31,Fercal,RAs em Movimento,DEPUTADO_FEDERAL,liberal_conservador,Candidatura liberal / conservadora,0.13,0.3,0.0,0.0,0.0,0.86,0.0
32,Sol Nascente/Pôr do Sol,RAs em Movimento,DEPUTADO_FEDERAL,liberal_conservador,Candidatura liberal / conservadora,0.0,0.0,0.0,0.0,0.0,0.09,0.0
33,Arniqueira,RAs Consolidadas,DEPUTADO_FEDERAL,liberal_conservador,Candidatura liberal / conservadora,0.72,1.72,0.0,0.0,0.0,4.48,0.0
1,Brasília (Plano Piloto),Brasília Central,DEPUTADO_DISTRITAL,progressista,Candidatura progressista / campo popular,8.39,10.0,1.65,6.4,0.95,8.72,9.58
2,Gama,RAs Consolidadas,DEPUTADO_DISTRITAL,progressista,Candidatura progressista / campo popular,7.22,6.36,5.69,4.13,2.18,4.07,6.88
3,Taguatinga,RAs Consolidadas,DEPUTADO_DISTRITAL,progressista,Candidatura progressista / campo popular,8.18,6.37,6.7,7.35,0.37,4.5,6.67
4,Brazlândia,RAs Consolidadas,DEPUTADO_DISTRITAL,progressista,Candidatura progressista / campo popular,5.89,4.34,6.66,1.19,3.99,2.8,4.69
5,Sobradinho,RAs Consolidadas,DEPUTADO_DISTRITAL,progressista,Candidatura progressista / campo popular,6.69,8.78,0.0,3.48,2.69,4.69,10.0
6,Planaltina,RAs em Movimento,DEPUTADO_DISTRITAL,progressista,Candidatura progressista / campo popular,5.24,3.88,3.41,4.45,1.78,1.45,4.75
7,Paranoá,RAs em Movimento,DEPUTADO_DISTRITAL,progressista,Candidatura progressista / campo popular,5.61,6.55,0.96,1.91,3.97,1.48,8.55
8,Núcleo Bandeirante,RAs Consolidadas,DEPUTADO_DISTRITAL,progressista,Candidatura progressista / campo popular,7.2,5.98,6.27,1.34,5.71,3.92,6.43
9,Ceilândia,RAs Consolidadas,DEPUTADO_DISTRITAL,progressista,Candidatura progressista / campo popular,7.47,5.51,2.86,10.0,0.0,1.99,6.8
10,Guará,Brasília Central,DEPUTADO_DISTRITAL,progressista,Candidatura progressista / campo popular,7.82,7.63,5.71,3.62,2.57,5.77,7.79
11,Cruzeiro,Brasília Central,DEPUTADO_DISTRITAL,progressista,Candidatura progressista / campo popular,8.83,7.99,8.55,1.17,5.56,7.4,7.42
12,Samambaia,RAs Consolidadas,DEPUTADO_DISTRITAL,progressista,Candidatura progressista / campo popular,6.83,5.08,5.95,5.28,1.43,3.03,5.61
13,Santa Maria,RAs em Dinamização,DEPUTADO_DISTRITAL,progressista,Candidatura progressista / campo popular,7.04,7.58,3.54,2.93,3.11,4.66,8.3
14,São Sebastião,RAs em Movimento,DEPUTADO_DISTRITAL,progressista,Candidatura progressista / campo popular,4.73,4.61,1.61,2.05,3.57,0.92,6.08
15,Recanto das Emas,RAs Consolidadas,DEPUTADO_DISTRITAL,progressista,Candidatura progressista / campo popular,5.46,6.2,0.56,2.78,3.38,0.8,8.42
16,Lago Sul,Brasília Central,DEPUTADO_DISTRITAL,progressista,Candidatura progressista / campo popular,9.74,9.31,9.41,1.37,5.2,10.0,7.9
17,Riacho Fundo,RAs Consolidadas,DEPUTADO_DISTRITAL,progressista,Candidatura progressista / campo popular,7.17,5.51,7.02,1.07,6.0,3.76,5.83
18,Lago Norte,Brasília Central,DEPUTADO_DISTRITAL,progressista,Candidatura progressista / campo popular,8.23,9.61,2.5,1.0,7.0,8.16,9.32
19,Candangolândia,RAs Consolidadas,DEPUTADO_DISTRITAL,progressista,Candidatura progressista / campo popular,7.67,4.85,9.0,0.47,7.61,3.88,4.83
20,Águas Claras,Brasília Central,DEPUTADO_DISTRITAL,progressista,Candidatura progressista / campo popular,10.0,8.95,10.0,3.41,3.55,9.52,7.65
21,Riacho Fundo II,RAs Consolidadas,DEPUTADO_DISTRITAL,progressista,Candidatura progressista / campo popular,6.33,5.07,5.34,1.04,5.71,2.79,5.73
22,Sudoeste/Octogonal,Brasília Central,DEPUTADO_DISTRITAL,progressista,Candidatura progressista / campo popular,9.31,9.31,6.73,1.05,6.85,9.16,8.36
23,Varjão,RAs em Movimento,DEPUTADO_DISTRITAL,progressista,Candidatura progressista / campo popular,6.69,6.51,0.83,0.14,10.0,1.31,8.58
24,Park Way,Brasília Central,DEPUTADO_DISTRITAL,progressista,Candidatura progressista / campo popular,1.72,3.28,0.0,0.0,0.0,8.7,0.0
25,SCIA/Estrutural,RAs em Movimento,DEPUTADO_DISTRITAL,progressista,Candidatura progressista / campo popular,4.33,3.65,0.14,0.65,7.18,0.07,5.17
26,Sobradinho II,RAs Consolidadas,DEPUTADO_DISTRITAL,progressista,Candidatura progressista / campo popular,6.78,7.64,1.48,0.94,6.67,3.46,9.04
27,Jardim Botânico,Brasília Central,DEPUTADO_DISTRITAL,progressista,Candidatura progressista / campo popular,8.96,9.17,4.66,0.44,8.75,8.12,8.72
28,Itapoã,RAs em Movimento,DEPUTADO_DISTRITAL,progressista,Candidatura progressista / campo popular,6.22,6.79,0.71,0.6,7.5,1.45,8.9
29,SIA,Brasília Central,DEPUTADO_DISTRITAL,progressista,Candidatura progressista / campo popular,1.08,2.07,0.0,0.0,0.0,5.47,0.0
30,Vicente Pires,RAs Consolidadas,DEPUTADO_DISTRITAL,progressista,Candidatura progressista / campo popular,8.56,6.0,8.59,0.49,8.97,4.78,5.99
31,Fercal,RAs em Movimento,DEPUTADO_DISTRITAL,progressista,Candidatura progressista / campo popular,0.26,0.5,0.0,0.0,0.0,1.31,0.0
32,Sol Nascente/Pôr do Sol,RAs em Movimento,DEPUTADO_DISTRITAL,progressista,Candidatura progressista / campo popular,0.0,0.0,0.0,0.0,0.0,0.0,0.0
33,Arniqueira,RAs Consolidadas,DEPUTADO_DISTRITAL,progressista,Candidatura progressista / campo popular,0.77,1.48,0.0,0.0,0.0,3.92,0.0
1,Brasília (Plano Piloto),Brasília Central,DEPUTADO_DISTRITAL,moderado,Candidatura de centro / institucional,4.99,2.71,1.58,6.4,0.95,0.89,3.65
2,Gama,RAs Consolidadas,DEPUTADO_DISTRITAL,moderado,Candidatura de centro / institucional,4.73,3.48,1.05,4.13,2.18,0.74,4.9
3,Taguatinga,RAs Consolidadas,DEPUTADO_DISTRITAL,moderado,Candidatura de centro / institucional,6.16,4.42,1.57,7.35,0.37,1.4,5.98
4,Brazlândia,RAs Consolidadas,DEPUTADO_DISTRITAL,moderado,Candidatura de centro / institucional,6.01,6.74,1.12,1.19,3.99,2.97,8.65
5,Sobradinho,RAs Consolidadas,DEPUTADO_DISTRITAL,moderado,Candidatura de centro / institucional,5.86,4.01,3.88,3.48,2.69,2.62,4.7
6,Planaltina,RAs em Movimento,DEPUTADO_DISTRITAL,moderado,Candidatura de centro / institucional,7.31,6.57,3.54,4.45,1.78,4.84,7.39
7,Paranoá,RAs em Movimento,DEPUTADO_DISTRITAL,moderado,Candidatura de centro / institucional,7.48,6.54,5.1,1.91,3.97,5.77,6.84
8,Núcleo Bandeirante,RAs Consolidadas,DEPUTADO_DISTRITAL,moderado,Candidatura de centro / institucional,5.29,4.7,0.58,1.34,5.71,0.65,6.8
9,Ceilândia,RAs Consolidadas,DEPUTADO_DISTRITAL,moderado,Candidatura de centro / institucional,8.6,5.25,4.63,10.0,0.0,3.99,5.84
10,Guará,Brasília Central,DEPUTADO_DISTRITAL,moderado,Candidatura de centro / institucional,5.71,4.13,3.15,3.62,2.57,2.28,5.06
11,Cruzeiro,Brasília Central,DEPUTADO_DISTRITAL,moderado,Candidatura de centro / institucional,4.6,3.28,1.3,1.17,5.56,0.86,4.54
12,Samambaia,RAs Consolidadas,DEPUTADO_DISTRITAL,moderado,Candidatura de centro / institucional,6.47,5.42,2.28,5.28,1.43,2.59,6.85
13,Santa Maria,RAs em Dinamização,DEPUTADO_DISTRITAL,moderado,Candidatura de centro / institucional,5.77,3.25,5.21,2.93,3.11,2.84,3.43
14,São Sebastião,RAs em Movimento,DEPUTADO_DISTRITAL,moderado,Candidatura de centro / institucional,7.72,10.0,0.0,2.05,3.57,9.65,10.0
15,Recanto das Emas,RAs Consolidadas,DEPUTADO_DISTRITAL,moderado,Candidatura de centro / institucional,5.22,4.45,1.36,2.78,3.38,1.24,6.1
16,Lago Sul,Brasília Central,DEPUTADO_DISTRITAL,moderado,Candidatura de centro / institucional,3.9,2.87,0.0,1.37,5.2,0.0,4.38
17,Riacho Fundo,RAs Consolidadas,DEPUTADO_DISTRITAL,moderado,Candidatura de centro / institucional,5.94,5.2,1.76,1.07,6.0,1.99,6.83
18,Lago Norte,Brasília Central,DEPUTADO_DISTRITAL,moderado,Candidatura de centro / institucional,4.31,2.42,0.7,1.0,7.0,0.39,3.48
19,Candangolândia,RAs Consolidadas,DEPUTADO_DISTRITAL,moderado,Candidatura de centro / institucional,6.6,6.65,0.38,0.47,7.61,1.69,9.2
20,Águas Claras,Brasília Central,DEPUTADO_DISTRITAL,moderado,Candidatura de centro / institucional,4.71,3.6,0.31,3.41,3.55,0.24,5.36
21,Riacho Fundo II,RAs Consolidadas,DEPUTADO_DISTRITAL,moderado,Candidatura de centro / institucional,5.64,4.47,2.44,1.04,5.71,2.04,5.71
22,Sudoeste/Octogonal,Brasília Central,DEPUTADO_DISTRITAL,moderado,Candidatura de centro / institucional,5.25,2.98,2.7,1.05,6.85,1.54,3.71
23,Varjão,RAs em Movimento,DEPUTADO_DISTRITAL,moderado,Candidatura de centro / institucional,9.33,4.8,10.0,0.14,10.0,6.03,4.06
24,Park Way,Brasília Central,DEPUTADO_DISTRITAL,moderado,Candidatura de centro / institucional,0.0,0.0,0.0,0.0,0.0,0.03,0.0
25,SCIA/Estrutural,RAs em Movimento,DEPUTADO_DISTRITAL,moderado,Candidatura de centro / institucional,10.0,8.15,8.35,0.65,7.18,10.0,7.01
26,Sobradinho II,RAs Consolidadas,DEPUTADO_DISTRITAL,moderado,Candidatura de centro / institucional,5.74,4.39,2.05,0.94,6.67,1.72,5.75
27,Jardim Botânico,Brasília Central,DEPUTADO_DISTRITAL,moderado,Candidatura de centro / institucional,4.91,3.27,0.0,0.44,8.75,0.0,4.99
28,Itapoã,RAs em Movimento,DEPUTADO_DISTRITAL,moderado,Candidatura de centro / institucional,7.73,5.61,5.6,0.6,7.5,4.89,5.9
29,SIA,Brasília Central,DEPUTADO_DISTRITAL,moderado,Candidatura de centro / institucional,0.77,1.34,0.0,0.0,0.0,3.8,0.0
30,Vicente Pires,RAs Consolidadas,DEPUTADO_DISTRITAL,moderado,Candidatura de centro / institucional,6.18,4.4,1.66,0.49,8.97,1.45,5.91
31,Fercal,RAs em Movimento,DEPUTADO_DISTRITAL,moderado,Candidatura de centro / institucional,1.57,2.75,0.0,0.0,0.0,7.77,0.0
32,Sol Nascente/Pôr do Sol,RAs em Movimento,DEPUTADO_DISTRITAL,moderado,Candidatura de centro / institucional,1.72,3.01,0.0,0.0,0.0,8.51,0.0
33,Arniqueira,RAs Consolidadas,DEPUTADO_DISTRITAL,moderado,Candidatura de centro / institucional,0.24,0.42,0.0,0.0,0.0,1.2,0.0
1,Brasília (Plano Piloto),Brasília Central,DEPUTADO_DISTRITAL,liberal_conservador,Candidatura liberal / conservadora,9.01,8.38,6.78,6.4,0.95,6.96,8.53
2,Gama,RAs Consolidadas,DEPUTADO_DISTRITAL,liberal_conservador,Candidatura liberal / conservadora,6.49,7.92,0.71,4.13,2.18,3.55,9.7
3,Taguatinga,RAs Consolidadas,DEPUTADO_DISTRITAL,liberal_conservador,Candidatura liberal / conservadora,7.76,7.17,4.11,7.35,0.37,3.9,8.41
4,Brazlândia,RAs Consolidadas,DEPUTADO_DISTRITAL,liberal_conservador,Candidatura liberal / conservadora,6.02,6.05,4.25,1.19,3.99,2.56,7.5
5,Sobradinho,RAs Consolidadas,DEPUTADO_DISTRITAL,liberal_conservador,Candidatura liberal / conservadora,8.04,6.4,8.91,3.48,2.69,4.46,6.99
6,Planaltina,RAs em Movimento,DEPUTADO_DISTRITAL,liberal_conservador,Candidatura liberal / conservadora,5.92,6.87,0.61,4.45,1.78,1.38,9.33
7,Paranoá,RAs em Movimento,DEPUTADO_DISTRITAL,liberal_conservador,Candidatura liberal / conservadora,5.34,4.62,3.59,1.91,3.97,1.37,6.04
8,Núcleo Bandeirante,RAs Consolidadas,DEPUTADO_DISTRITAL,liberal_conservador,Candidatura liberal / conservadora,7.2,6.6,5.38,1.34,5.71,3.59,7.74
9,Ceilândia,RAs Consolidadas,DEPUTADO_DISTRITAL,liberal_conservador,Candidatura liberal / conservadora,7.49,5.78,2.66,10.0,0.0,1.66,7.59
10,Guará,Brasília Central,DEPUTADO_DISTRITAL,liberal_conservador,Candidatura liberal / conservadora,7.7,7.72,5.4,3.62,2.57,5.29,8.46
11,Cruzeiro,Brasília Central,DEPUTADO_DISTRITAL,liberal_conservador,Candidatura liberal / conservadora,6.92,8.92,0.74,1.17,5.56,6.03,9.82
12,Samambaia,RAs Consolidadas,DEPUTADO_DISTRITAL,liberal_conservador,Candidatura liberal / conservadora,6.64,6.9,2.32,5.28,1.43,2.66,8.68
13,Santa Maria,RAs em Dinamização,DEPUTADO_DISTRITAL,liberal_conservador,Candidatura liberal / conservadora,5.97,7.64,0.0,2.93,3.11,2.22,10.0
14,São Sebastião,RAs em Movimento,DEPUTADO_DISTRITAL,liberal_conservador,Candidatura liberal / conservadora,3.56,3.37,0.0,2.05,3.57,0.0,4.96
15,Recanto das Emas,RAs Consolidadas,DEPUTADO_DISTRITAL,liberal_conservador,Candidatura liberal / conservadora,6.39,5.42,5.23,2.78,3.38,2.37,6.68
16,Lago Sul,Brasília Central,DEPUTADO_DISTRITAL,liberal_conservador,Candidatura liberal / conservadora,8.7,10.0,4.94,1.37,5.2,10.0,9.26
17,Riacho Fundo,RAs Consolidadas,DEPUTADO_DISTRITAL,liberal_conservador,Candidatura liberal / conservadora,6.85,6.9,3.71,1.07,6.0,3.34,8.32
18,Lago Norte,Brasília Central,DEPUTADO_DISTRITAL,liberal_conservador,Candidatura liberal / conservadora,8.25,9.17,3.54,1.0,7.0,7.67,9.3
19,Candangolândia,RAs Consolidadas,DEPUTADO_DISTRITAL,liberal_conservador,Candidatura liberal / conservadora,7.69,6.28,6.78,0.47,7.61,3.69,7.23
20,Águas Claras,Brasília Central,DEPUTADO_DISTRITAL,liberal_conservador,Candidatura liberal / conservadora,9.78,8.69,10.0,3.41,3.55,8.41,8.21
21,Riacho Fundo II,RAs Consolidadas,DEPUTADO_DISTRITAL,liberal_conservador,Candidatura liberal / conservadora,6.02,7.61,0.0,1.04,5.71,2.15,10.0
22,Sudoeste/Octogonal,Brasília Central,DEPUTADO_DISTRITAL,liberal_conservador,Candidatura liberal / conservadora,7.9,8.86,3.03,1.05,6.85,6.77,9.33
23,Varjão,RAs em Movimento,DEPUTADO_DISTRITAL,liberal_conservador,Candidatura liberal / conservadora,6.53,6.71,0.15,0.14,10.0,0.5,9.56
24,Park Way,Brasília Central,DEPUTADO_DISTRITAL,liberal_conservador,Candidatura liberal / conservadora,1.67,3.23,0.0,0.0,0.0,8.84,0.0
25,SCIA/Estrutural,RAs em Movimento,DEPUTADO_DISTRITAL,liberal_conservador,Candidatura liberal / conservadora,5.76,6.53,0.02,0.65,7.18,0.07,9.54
26,Sobradinho II,RAs Consolidadas,DEPUTADO_DISTRITAL,liberal_conservador,Candidatura liberal / conservadora,7.57,5.97,7.27,0.94,6.67,3.5,6.87
27,Jardim Botânico,Brasília Central,DEPUTADO_DISTRITAL,liberal_conservador,Candidatura liberal / conservadora,10.0,8.56,9.48,0.44,8.75,8.03,8.22
28,Itapoã,RAs em Movimento,DEPUTADO_DISTRITAL,liberal_conservador,Candidatura liberal / conservadora,5.91,5.01,2.93,0.6,7.5,1.32,6.64
29,SIA,Brasília Central,DEPUTADO_DISTRITAL,liberal_conservador,Candidatura liberal / conservadora,0.6,1.16,0.0,0.0,0.0,3.24,0.0
30,Vicente Pires,RAs Consolidadas,DEPUTADO_DISTRITAL,liberal_conservador,Candidatura liberal / conservadora,7.63,8.27,1.7,0.49,8.97,4.89,9.48
31,Fercal,RAs em Movimento,DEPUTADO_DISTRITAL,liberal_conservador,Candidatura liberal / conservadora,0.15,0.28,0.0,0.0,0.0,0.86,0.0
32,Sol Nascente/Pôr do Sol,RAs em Movimento,DEPUTADO_DISTRITAL,liberal_conservador,Candidatura liberal / conservadora,0.0,0.0,0.0,0.0,0.0,0.09,0.0
33,Arniqueira,RAs Consolidadas,DEPUTADO_DISTRITAL,liberal_conservador,Candidatura liberal / conservadora,0.84,1.62,0.0,0.0,0.0,4.48,0.0
